<?xml version="1.0" encoding="utf-8" ?>
<dwsync>
<file name="sample.css" server="withfriengs.cafe24.com/www/" local="130657885631184402" remote="130657886660000000" Dst="0" />
<file name="sample_posteddata.php" server="withfriengs.cafe24.com/www/" local="130657885631304491" remote="130657886660000000" Dst="0" />
<file name="sample.js" server="withfriengs.cafe24.com/www/" local="130657885631244445" remote="130657886670000000" Dst="0" />
<file name="ajax.html" server="withfriengs.cafe24.com/www/" local="130657885626931373" remote="130657886660000000" Dst="0" />
<file name="api.html" server="withfriengs.cafe24.com/www/" local="130657885627181680" remote="130657886660000000" Dst="0" />
<file name="appendto.html" server="withfriengs.cafe24.com/www/" local="130657885627281623" remote="130657886660000000" Dst="0" />
<file name="datafiltering.html" server="withfriengs.cafe24.com/www/" local="130657885628102207" remote="130657886660000000" Dst="0" />
<file name="divreplace.html" server="withfriengs.cafe24.com/www/" local="130657885628452457" remote="130657886660000000" Dst="0" />
<file name="index.html" server="withfriengs.cafe24.com/www/" local="130657885628572548" remote="130657886660000000" Dst="0" />
<file name="inlineall.html" server="withfriengs.cafe24.com/www/" local="130657885628672613" remote="130657886660000000" Dst="0" />
<file name="inlinebycode.html" server="withfriengs.cafe24.com/www/" local="130657885628812716" remote="130657886660000000" Dst="0" />
<file name="inlinetextarea.html" server="withfriengs.cafe24.com/www/" local="130657885628872759" remote="130657886660000000" Dst="0" />
<file name="jquery.html" server="withfriengs.cafe24.com/www/" local="130657885628942809" remote="130657886660000000" Dst="0" />
<file name="readonly.html" server="withfriengs.cafe24.com/www/" local="130657885630854290" remote="130657886670000000" Dst="0" />
<file name="replacebyclass.html" server="withfriengs.cafe24.com/www/" local="130657885630924220" remote="130657886670000000" Dst="0" />
<file name="replacebycode.html" server="withfriengs.cafe24.com/www/" local="130657885631014409" remote="130657886670000000" Dst="0" />
<file name="tabindex.html" server="withfriengs.cafe24.com/www/" local="130657885631364539" remote="130657886670000000" Dst="0" />
<file name="uicolor.html" server="withfriengs.cafe24.com/www/" local="130657885631564673" remote="130657886670000000" Dst="0" />
<file name="uilanguages.html" server="withfriengs.cafe24.com/www/" local="130657885631644850" remote="130657886670000000" Dst="0" />
<file name="xhtmlstyle.html" server="withfriengs.cafe24.com/www/" local="130657885631714783" remote="130657886670000000" Dst="0" />
</dwsync>