<?xml version="1.0" encoding="utf-8" ?>
<dwsync>
<file name="icons.png" server="withfriengs.cafe24.com/www/" local="130657885633626241" remote="130657886680000000" Dst="0" />
<file name="icons_hidpi.png" server="withfriengs.cafe24.com/www/" local="130657885633866318" remote="130657886680000000" Dst="0" />
<file name="dialog.css" server="withfriengs.cafe24.com/www/" local="130657885632105058" remote="130657886670000000" Dst="0" />
<file name="dialog_ie.css" server="withfriengs.cafe24.com/www/" local="130657885632225144" remote="130657886680000000" Dst="0" />
<file name="dialog_ie7.css" server="withfriengs.cafe24.com/www/" local="130657885632385258" remote="130657886680000000" Dst="0" />
<file name="dialog_ie8.css" server="withfriengs.cafe24.com/www/" local="130657885632505343" remote="130657886680000000" Dst="0" />
<file name="dialog_iequirks.css" server="withfriengs.cafe24.com/www/" local="130657885632715493" remote="130657886680000000" Dst="0" />
<file name="editor.css" server="withfriengs.cafe24.com/www/" local="130657885632905628" remote="130657886680000000" Dst="0" />
<file name="editor_gecko.css" server="withfriengs.cafe24.com/www/" local="130657885632985688" remote="130657886680000000" Dst="0" />
<file name="editor_ie.css" server="withfriengs.cafe24.com/www/" local="130657885633065742" remote="130657886680000000" Dst="0" />
<file name="editor_ie7.css" server="withfriengs.cafe24.com/www/" local="130657885633175821" remote="130657886680000000" Dst="0" />
<file name="editor_ie8.css" server="withfriengs.cafe24.com/www/" local="130657885633285899" remote="130657886680000000" Dst="0" />
<file name="editor_iequirks.css" server="withfriengs.cafe24.com/www/" local="130657885633436006" remote="130657886680000000" Dst="0" />
<file name="readme.md" server="withfriengs.cafe24.com/www/" local="130657885634456739" remote="130657886690000000" Dst="0" />
</dwsync>